Site,Date Range of Specimen Collection,Round,Catchment FIPS Code Description,Catchment Area Description,Catchment population,n [0-17 Years Prevalence],Rate (%) [0-17 Years Prevalence],Lower CI [0-17 Years Prevalence],Upper CI [0-17 Years Prevalence],CI Flag [0-17 Years Prevalence],n [18-49 Years Prevalence],Rate (%) [18-49 Years Prevalence],Lower CI [18-49 Years Prevalence],Upper CI [18-49 Years Prevalence],CI Flag [18-49 Years Prevalence],n [50-64 Years Prevalence],Rate (%) [50-64 Years Prevalence],Lower CI [50-64 Years Prevalence],Upper CI [50-64 Years Prevalence],CI Flag [50-64 Years Prevalence],n [65+ Years Prevalence],Rate (%) [65+ Years Prevalence],Lower CI [65+ Years Prevalence],Upper CI [65+ Years Prevalence],CI Flag [65+ Years Prevalence],n [Male Prevalence],Rate (%) [Male Prevalence],Lower CI [Male Prevalence],Upper CI [Male Prevalence],CI Flag [Male Prevalence],n [Female Prevalence],Rate (%) [Female Prevalence],Lower CI [Female Prevalence],Upper CI [Female Prevalence],CI Flag [Female Prevalence],n [Cumulative Prevalence],Rate (%) [Cumulative Prevalence],Lower CI [Cumulative Prevalence],Upper CI [Cumulative Prevalence],CI Flag [Cumulative Prevalence],Estimated cumulative infections count,Estimated cumulative infections lower CI 7,Estimated cumulative infections upper CI 7,All age-sex strata had at least one positive,Site Large CI Flag
AK,"Aug 6 - Aug 11, 2020",1,Statewide,Statewide,738516,5,777,,,,81,0.7,0,2.23,1,83,0,0,4.35,2,73,777,,,,88,0,0,4.11,2,154,0.7,0,2.35,1,242,0.3,0,1.12,1,2216,0,8271,false,true
AL,"Jul 29 - Aug 13, 2020",1,Statewide,Statewide,4864680,192,10.2,5.61,14.83,0,242,4.7,1.86,7.8,0,245,5.9,2.71,10,0,255,2.3,0.6,4.63,0,373,4.9,2.5,7.97,0,565,6.6,4.39,9.15,0,938,5.8,4.16,7.71,0,282151,202371,375067,true,false
AR,"Jul 29 - Aug 13, 2020",1,Statewide,Statewide,2990671,199,5,2,8.6,0,241,4.7,2.17,7.88,0,242,4.2,1.38,7.5,0,242,1.5,0,3.29,0,380,3.8,1.86,6.1,0,557,4.3,2.4,6.68,0,937,4.1,2.74,5.63,0,122618,81944,168375,true,false
AZ,"Jul 31 - Aug 11, 2020",1,Statewide,Statewide,6946685,24,777,,,,244,10.8,3.61,20.32,0,222,7.1,0.74,14.83,1,101,5.5,0.18,12.19,1,93,9,2.2,17.7,0,498,7.5,3.26,13.56,0,591,8.2,4.11,13.59,0,569628,285509,944054,true,true
CA,"Jul 30 -  Aug 5, 2020",1,Statewide,Statewide,39148760,245,6.2,3.12,10.09,0,245,7,3.9,10.3,0,245,5.2,2.46,8.82,0,245,1.1,0,2.61,1,420,5.1,2.74,7.83,0,560,6.3,3.97,9.19,0,980,5.7,4.05,7.77,0,2231479,1585525,3041859,true,true
CO,"Jul 30 -  Aug 7, 2020",1,Statewide,Statewide,5531141,240,4.3,0.63,10.52,1,246,1.1,0,2.75,1,258,4.3,0.34,11.31,1,257,0.8,0,2.07,1,454,2.7,0.75,5.72,0,547,2.1,0.49,4.94,0,1001,2.4,0.89,4.53,0,132747,49227,250561,true,true
CT,"Jul 30 -  Aug 3, 2020",1,Statewide,Statewide,3581504,248,3.9,1.48,6.46,0,249,3.1,1,5.62,0,248,3.7,1.3,6.3,0,249,2.7,0.5,5.17,0,417,4.2,2.13,6.42,0,577,2.5,1.18,4.1,0,994,3.4,2.04,4.72,0,121771,73063,169047,true,false
DC,"Jul 30 - Aug 13, 2020",1,Statewide,Statewide,684498,49,777,,,,262,1.4,0,3.09,1,185,5.5,2.28,9.15,0,219,6.4,3.28,9.94,0,321,3.3,1.27,5.93,0,396,4.4,2.06,7.53,0,717,3.9,2.18,5.76,0,26695,14922,39427,true,true
DE,"Jul 29 - Aug 13, 2020",1,Statewide,Statewide,949495,52,777,,,,237,8.3,4.31,12.72,0,261,5,2.24,8.34,0,254,0.9,0,2.29,1,339,4.3,2.13,7.12,0,465,7,4.02,10.92,0,804,5.7,3.55,8.22,0,54121,33707,78048,true,true
FL,"Jul 31 -  Aug 3, 2020",1,Statewide,Statewide,20598139,245,3.8,1.57,6.35,0,245,5.4,2.28,8.78,0,244,3.7,1.22,6.46,0,246,3.3,0.96,6.22,0,427,5.2,2.67,7.95,0,553,3.5,1.78,5.34,0,980,4.3,2.77,5.86,0,885720,570568,1207051,true,false
GA,"Aug 2 - Aug 11, 2020",1,Statewide,Statewide,10297484,242,8.6,4.78,12.54,0,245,7.8,4.18,11.09,0,245,4.9,2.02,7.86,0,252,2.8,0.8,5.52,0,459,8.1,5.08,11.86,0,526,5.6,3.35,8.43,0,985,6.8,4.83,8.81,0,700229,497368,907208,true,false
HI,"Aug 3 - Aug 11, 2020",1,Statewide,Statewide,1422029,1,777,,,,1,777,,,,2,777,,,,1,777,,,,1,777,,,,4,777,,,,5,777,,,,,,,false,
IA,"Jul 29 - Aug 13, 2020",1,Statewide,Statewide,3132499,69,777,,,,251,11.4,7.12,16.11,0,254,6.5,2.92,9.93,0,237,2.5,0.44,5.12,0,353,4.6,1.85,7.4,0,458,12.5,8.54,17.01,0,811,8.6,5.98,11.34,0,269395,187323,355225,true,false
ID,"Aug 4 - Aug 11, 2020",1,Statewide,Statewide,1687809,10,777,,,,78,10.3,3.75,19.04,0,65,777,,,,93,1.3,0,4.51,1,90,7,2.04,14.12,0,156,2.1,0.16,5.31,1,246,4.5,1.8,7.99,0,75951,30381,134856,false,true
IL,"Jul 29 - Aug 10, 2020",1,Statewide,Statewide,12821497,244,5.1,1.96,8.55,0,246,3.8,1.6,6.24,0,252,3.5,1.43,5.78,0,260,3.1,1.18,5.51,0,432,3.5,1.62,5.64,0,572,4.3,2.59,6.32,0,1004,3.9,2.52,5.21,0,500038,323102,668000,true,false
IN,"Jul 31 - Aug 11, 2020",1,Statewide,Statewide,6637426,23,777,,,,228,3.3,0.97,6.16,0,186,4.4,1.08,9.53,0,142,0,0,2.56,2,152,1.4,0,3.3,1,427,3,1.16,5.46,0,579,2.2,1.1,3.63,0,146023,73012,240939,false,true
KS,"Jul 29 -  Aug 8, 2020",1,Statewide,Statewide,2908776,234,1.6,0,3.74,0,240,1.9,0.33,4.26,0,244,1.5,0,3.36,0,244,0.9,0,2.51,1,420,1.4,0.28,2.84,0,542,1.8,0.44,3.46,0,962,1.6,0.7,2.8,0,46540,20361,81446,true,true
KY,"Jul 30 - Aug 13, 2020",1,Statewide,Statewide,4440204,240,4.1,1.66,7.21,0,246,2.1,0.34,4.34,0,243,2.2,0.42,4.31,0,245,1.3,0,3.17,1,448,2.2,0.65,4.06,0,527,2.7,1.16,4.39,0,975,2.4,1.32,3.62,0,106565,58611,160735,true,true
LA,"Jul 28 - Aug 13, 2020",1,Statewide,Statewide,4663616,245,11.7,6.99,17.33,0,252,10.6,6.64,15.17,0,249,9.9,4.06,18.63,0,256,2.7,0.73,5.06,0,401,8.9,5.1,13.35,0,601,10.2,6.91,13.74,0,1002,9.6,6.88,12.29,0,447707,320857,573158,true,false
MA,"Jul 30 - Aug 10, 2020",1,Statewide,Statewide,6830193,242,6.2,3.13,9.64,0,243,3.4,1.19,6.05,0,245,4.6,1.81,7.29,0,248,3.5,1.29,6.01,0,413,4.8,2.83,7.36,0,565,3.7,1.94,5.43,0,978,4.2,2.89,5.81,0,286868,197393,396834,true,false
MD,"Jul 31 - Aug 11, 2020",1,Statewide,Statewide,6003435,67,777,,,,241,11.6,7.13,15.96,0,237,5.7,3.04,8.61,0,238,2.8,0.93,5.07,0,284,11.5,6.57,16.74,0,499,8.1,5.18,11.83,0,783,9.7,7.26,12.87,0,582333,435849,772642,true,false
ME,"Jul 30 - Aug 11, 2020",1,Statewide,Statewide,1332813,26,777,,,,229,0.4,0,1.46,1,152,1.2,0,3.28,1,191,0.4,0,1.56,1,233,1,0,2.37,0,365,0,0,1.01,2,598,0.5,0,1.16,0,6664,0,15461,false,true
MI,"Jul 30 - Aug 11, 2020",1,Statewide,Statewide,9957488,245,6.7,3.64,10.4,0,245,3.6,1.39,6.48,0,243,1.8,0,3.83,0,249,0.3,0,1.28,1,454,3.9,2,6.07,0,528,2.8,1.31,4.67,0,982,3.4,2.16,4.84,0,338555,215082,481942,true,true
MN,"Jul 29 - Aug 13, 2020",1,Statewide,Statewide,5527358,142,3.7,1.03,7.02,0,240,4.5,2.16,7.08,0,243,1.6,0.32,3.1,0,247,3.2,0,9.08,1,361,3.2,1.08,5.61,0,518,3.8,1.95,5.68,0,879,3.5,2.06,5.01,0,193458,113864,276921,true,true
MO,"Jul 28 - Aug 10, 2020",1,Statewide,Statewide,6090062,242,3.2,1.12,5.45,0,244,2.9,0.96,5.15,0,244,2.1,0.33,4.46,0,243,1.1,0,3.25,1,429,1.7,0.55,3.19,0,550,3.3,1.45,5.19,0,979,2.5,1.44,3.61,0,152252,87697,219851,true,true
MS,"Jul 30 - Aug 13, 2020",1,Statewide,Statewide,2988762,37,777,,,,243,6.2,2.83,10.12,0,246,5,2.09,8.73,0,243,2.6,0.54,5.49,1,328,4,1.23,7.81,0,441,10,4.05,17.18,0,769,7.1,3.75,11.09,0,212202,112079,331454,true,true
MT,"Jul 29 - Aug 10, 2020",1,Statewide,Statewide,1041732,11,777,,,,63,777,,,,67,777,,,,53,777,,,,86,0,0,4.2,2,113,0.9,0,3.37,1,199,0.5,0,1.67,1,5209,0,17397,false,true
NC,"Jul 29 - Aug 10, 2020",1,Statewide,Statewide,10155624,197,6.4,2.84,10.49,0,248,1.6,0.35,3.5,1,243,0.9,0,2.33,1,240,1,0,2.52,1,394,1.6,0.31,3.1,0,534,3.3,1.66,5.2,0,928,2.5,1.31,3.72,0,253891,133039,377789,true,true
ND,"Jul 29 - Aug 12, 2020",1,Statewide,Statewide,752201,5,777,,,,57,777,,,,30,777,,,,26,777,,,,47,777,,,,74,777,,,,121,7.3,1.3,14.28,0,54911,9779,107414,false,false
NE,"Jul 28 - Aug 13, 2020",1,Statewide,Statewide,1904760,152,10.2,4.83,16.49,0,254,8.1,4.41,12.18,0,243,7.6,3.4,12.51,0,298,0.8,0,2.91,1,391,8.2,4.62,12.06,0,563,6.6,4.12,9.34,0,954,7.4,5.25,9.75,0,140952,100000,185714,true,true
NH,"Jul 30 - Aug 11, 2020",1,Statewide,Statewide,1343622,69,777,,,,248,1,0,2.42,1,247,0.3,0,1.31,1,245,1.7,0.25,3.72,0,326,1,0.14,2.08,0,483,0.6,0,1.39,1,809,0.8,0.22,1.48,0,10749,2956,19886,false,true
NJ,"Jul 31 - Aug 11, 2020",1,Statewide,Statewide,8881845,210,22.3,16.6,28.9,0,220,14.2,9.29,19.31,0,224,12,7.58,16.93,0,217,9.5,5.05,13.96,0,328,15.3,11.04,20.1,0,543,14.3,10.82,17.84,0,871,14.8,12.23,17.57,0,1314513,1086250,1560540,true,false
NM,"Jul 29 - Aug 13, 2020",1,Statewide,Statewide,2092434,156,3.1,0.7,6.3,1,290,1.8,0.63,3.69,0,262,2.6,0.68,4.86,0,255,0.3,0,0.99,1,359,0.6,0,1.84,1,605,3.3,1.84,5.11,0,964,2,1.09,3.02,0,41849,22808,63192,true,true
NV,"Jul 30 -  Aug 2, 2020",1,Statewide,Statewide,2922849,243,8.9,5.36,12.85,0,245,4.2,1.69,7.3,0,243,4,1.78,6.61,0,246,3.1,1.14,5.64,0,441,5.3,2.87,8.07,0,538,4.9,3.19,6.86,0,979,5.1,3.63,6.66,0,149065,106099,194662,true,false
NY,"Jul 31 - Aug 11, 2020",1,Statewide,Statewide,19618453,214,26.7,20.64,33.36,0,197,29.7,22.63,36.55,0,218,17.8,12.68,23.16,0,217,7.9,4.18,11.64,0,366,21.6,16.81,27.1,0,480,24.9,20.81,29.17,0,846,23.3,20.07,26.32,0,4571100,3937424,5163577,true,false
OH,"Jul 29 - Aug 11, 2020",1,Statewide,Statewide,11641879,85,3.3,0,8.03,1,283,1.3,0.15,2.71,0,158,3.6,0.78,6.97,0,260,1.5,0.28,3.07,0,343,2.5,0.7,4.69,0,443,2.1,0.65,3.76,0,786,2.3,1.11,3.61,0,267763,129225,420272,true,true
OK,"Jul 28 -  Aug 4, 2020",1,Statewide,Statewide,3918137,243,3.6,1.28,6.2,0,247,0.4,0,1.32,1,246,1.8,0,4.14,1,243,1.5,0,3.5,1,370,1.4,0.29,2.74,0,609,1.8,0.78,3.03,0,979,1.6,0.85,2.49,0,62690,33304,97562,true,true
OR,"Aug 5 - Aug 11, 2020",1,Statewide,Statewide,4081943,86,5.6,0.87,12.05,1,301,2.2,0.54,4.03,0,0,666,,,,271,0.6,0,1.67,1,257,2.3,0.36,5.19,1,401,2.3,0.73,4,0,658,2.3,1.03,3.84,0,93885,42044,156747,true,true
PA,"Jul 31 - Aug 11, 2020",1,Statewide,Statewide,12791181,9,777,,,,230,12.8,8.91,17.84,0,169,8.5,3.76,14,0,167,1.2,0,3.34,1,310,9.5,6.33,13.61,0,265,11,3.26,22.51,0,575,10.2,5.71,17.21,0,1304700,730376,2201362,true,true
PR,"Jul 27 -  Aug 7, 2020",1,Statewide,Statewide,3386941,246,0,0,1.49,2,245,0.4,0,1.35,1,248,2.5,0.53,5.15,1,245,2.2,0.52,4.99,1,364,1.4,0.39,2.56,0,620,0.8,0.12,1.69,1,984,1.1,0.43,1.8,0,37256,14564,60965,false,true
RI,"Jul 30 - Aug 11, 2020",1,Statewide,Statewide,1056611,20,777,,,,240,2.3,0.45,4.65,0,208,4.1,1.14,7.37,0,216,1.7,0,3.69,0,309,2.7,0.99,4.64,0,375,3.4,0.65,7.7,0,684,3,1.23,5.51,0,31698,12996,58219,true,false
SC,"Jul 30 - Aug 13, 2020",1,Statewide,Statewide,4955925,86,11.6,4.48,20.14,0,244,9.2,5.45,13.32,0,244,6.9,3.74,10.92,0,266,2.1,0.52,4.25,1,364,9.4,5.62,13.51,0,476,6.9,4.08,9.88,0,840,8.1,5.79,10.69,0,401430,286948,529788,true,true
SD,"Jul 29 - Aug 12, 2020",1,Statewide,Statewide,864289,0,666,,,,21,777,,,,11,777,,,,15,777,,,,31,777,,,,16,777,,,,47,777,,,,,,,false,
TN,"Jul 30 - Aug 11, 2020",1,Statewide,Statewide,6651089,273,8.3,4.93,12.27,0,242,8.4,4.69,12.4,0,242,2.5,0.69,5.21,0,246,2.6,0.66,5.01,0,378,6.4,3.43,9.84,0,625,6.2,4.22,8.66,0,1003,6.3,4.41,8.25,0,419019,293313,548715,true,false
TX,"Jul 29 -  Aug 5, 2020",1,Statewide,Statewide,27885195,246,8.4,4.78,13.05,0,246,5.6,2.94,9.06,0,246,5.5,2.32,9.42,0,247,1.9,0.34,4.02,1,438,6.2,3.61,8.88,0,548,5.5,2.95,8.31,0,986,5.9,4.04,7.95,0,1645227,1126562,2216873,true,true
UT,"Jul 30 - Aug 11, 2020",1,Statewide,Statewide,3045350,36,777,,,,355,4.3,1.96,6.73,0,249,3.1,1.13,5.53,0,240,1.3,0,3.26,1,339,2.2,0.62,3.92,0,541,4.2,1.77,7.5,0,880,3.2,1.7,5.03,0,97451,51771,153181,true,true
VA,"Jul 31 - Aug 11, 2020",1,Statewide,Statewide,8413774,23,777,,,,240,3.9,1.46,6.77,0,227,2.4,0.26,5.12,0,240,2.2,0.39,4.72,0,282,2.7,0.57,5.24,0,448,5.5,1.54,10.71,0,730,4.1,1.8,6.93,0,344965,151448,583075,true,false
VT,"Jul 30 - Aug 11, 2020",1,Statewide,Statewide,624977,4,777,,,,153,1.1,0,4.42,1,96,0,0,3.77,2,93,0,0,3.89,2,127,1,0,3.74,1,219,0,0,1.67,2,346,0.5,0,1.84,1,3125,0,11500,false,true
WA,"Jul 29 - Aug 11, 2020",1,Statewide,Statewide,7294336,189,0.5,0,1.84,1,191,3.9,1.27,7.07,0,304,1,0,2.34,1,0,666,,,,292,2,0.25,4.27,1,392,2.3,0.72,4.2,0,684,2.1,0.81,3.7,0,153181,59084,269890,true,true
WI,"Jul 30 - Aug 13, 2020",1,Statewide,Statewide,5778394,79,2.4,0,6.28,1,243,2.2,0.45,4.31,0,240,1.4,0,3.65,1,244,0.8,0,2.18,1,361,2,0.26,3.96,0,453,1.7,0.41,3.4,0,814,1.8,0.76,3.18,0,104011,43916,183753,true,true
WV,"Jul 30 - Aug 13, 2020",1,Statewide,Statewide,1829054,9,777,,,,140,1.7,0,4.74,1,95,0.4,0,1.85,1,73,777,,,,115,1.5,0,3.48,1,202,0.9,0,2.55,1,317,1.2,0.23,2.5,0,21949,4207,45726,false,true
WY,"Jul 29 - Aug 11, 2020",1,Statewide,Statewide,581836,1,777,,,,30,777,,,,24,777,,,,15,777,,,,36,777,,,,34,777,,,,71,777,,,,,,,false,
AK,"Aug 12 - Aug 26, 2020",2,Statewide,Statewide,738516,20,777,,,,311,2.5,0.81,4.85,0,215,0.8,0,2.65,1,157,0,0,2.32,2,264,0.9,0,2.2,1,440,1.7,0.53,3.2,0,704,1.3,0.5,2.33,0,9601,3693,17207,false,true
AL,"Aug 12 - Aug 26, 2020",2,Statewide,Statewide,4864680,187,11,6.16,16.57,0,252,9.9,6.01,14.37,0,277,3.6,1.46,6.12,0,256,2,0.35,4.16,1,414,8.8,5.22,12.38,0,560,6.5,4.06,9.28,0,974,7.6,5.33,9.76,0,369716,259287,474793,true,true
AR,"Aug 11 - Aug 25, 2020",2,Statewide,Statewide,2990671,156,3.9,0.84,7.45,0,337,3.2,1.08,5.6,0,249,3.9,1.44,7.18,0,243,0.5,0,1.5,1,371,3.3,1.26,5.7,0,626,2.8,1.33,4.36,0,998,3,1.76,4.35,0,89720,52636,130094,true,true
AZ,"Aug 12 - Aug 26, 2020",2,Statewide,Statewide,6946685,27,777,,,,943,7.4,3.94,12.04,0,226,5.6,0.66,12.71,1,108,0,0,3.36,2,102,5.5,1.82,10.69,0,1202,3.9,1.82,7.01,0,1304,4.7,2.7,7.61,0,326494,187560,528643,false,true
CA,"Aug 13 - Aug 19, 2020",2,Statewide,Statewide,39148760,245,5.6,2.55,8.94,0,245,4.8,2.22,7.97,0,245,2.3,0.67,4.59,0,245,3.5,1.21,6.77,0,430,4.8,2.62,7.31,0,550,3.9,1.83,6.05,0,980,4.3,2.85,6.06,0,1683397,1115740,2372415,true,false
CO,"Aug 10 - Aug 25, 2020",2,Statewide,Statewide,5531141,255,3.3,1.18,5.69,0,258,4.8,2.05,7.81,0,253,1.7,0.34,3.33,0,253,0.5,0,1.65,1,436,3.4,1.34,5.69,0,583,3.2,1.61,5.11,0,1019,3.3,1.83,4.8,0,182528,101220,265495,true,true
CT,"Aug 11 - Aug 24, 2020",2,Statewide,Statewide,3581504,244,5.1,1.95,8.16,0,246,1,0,2.7,1,245,2.8,0.71,5.11,0,248,2,0.32,3.97,0,403,2.2,0.85,3.87,0,580,2.6,1.38,4.26,0,983,2.4,1.45,3.52,0,85956,51932,126069,true,true
DC,"Aug 13 - Aug 27, 2020",2,Statewide,Statewide,684498,47,777,,,,255,8.3,4.77,12.02,0,227,5.5,2.52,8.91,0,249,2.9,1.05,5.23,0,323,5.5,2.48,9.17,0,458,8,4.85,11.64,0,781,6.8,4.59,9.21,0,46546,31418,63042,true,false
DE,"Aug 12 - Aug 27, 2020",2,Statewide,Statewide,949495,66,777,,,,241,9.3,5.26,13.82,0,288,6.3,3.29,9.23,0,409,2.1,0.68,3.72,0,418,9.7,5.32,14.62,0,586,7.3,4.14,10.62,0,1004,8.5,5.79,11.25,0,80707,54976,106818,true,false
FL,"Aug 14 - Aug 14, 2020",2,Statewide,Statewide,20598139,245,6.4,3.13,9.94,0,244,5.4,2.47,8.88,0,245,2.7,0.75,5.38,0,244,2.3,0.44,4.78,1,448,4.6,2.41,7.31,0,530,4.3,2.42,6.34,0,978,4.5,3.15,6.06,0,926916,648841,1248247,true,true
GA,"Aug 13 - Aug 26, 2020",2,Statewide,Statewide,10297484,277,9.6,5.64,13.96,0,253,6.4,3.38,9.84,0,251,7.2,3.45,11.88,0,250,6.8,2.8,12.09,0,465,8.3,5.35,11.68,0,566,6.5,4.23,9.32,0,1031,7.4,5.52,9.51,0,762014,568421,979291,true,false
HI,"Aug 14 - Aug 26, 2020",2,Statewide,Statewide,1422029,1,777,,,,2,777,,,,0,666,,,,6,777,,,,3,777,,,,6,777,,,,9,777,,,,,,,false,
IA,"Aug 12 - Aug 27, 2020",2,Statewide,Statewide,3132499,72,777,,,,313,11.9,7.93,15.81,0,341,9.1,6.01,12.49,0,253,4.5,1.92,7.39,0,476,7.8,5.02,11.66,0,504,10.9,7.54,14.88,0,980,9.4,7.12,11.63,0,294455,223034,364310,true,false
ID,"Aug 12 - Aug 26, 2020",2,Statewide,Statewide,1687809,22,777,,,,207,2.6,0.54,4.99,0,170,5.1,1.44,9.73,0,252,3.1,1.05,5.78,0,226,4.8,0.69,12.76,1,425,4.3,1.42,8.73,0,651,4.6,1.67,9.05,0,77639,28186,152747,true,true
IL,"Aug 12 - Aug 27, 2020",2,Statewide,Statewide,12821497,246,3.5,1.17,6.4,0,246,7.4,4.23,10.9,0,244,3.4,1.3,6.12,0,249,2,0.58,3.71,0,469,5.1,3.01,7.38,0,516,4.8,2.44,7.08,0,985,4.9,3.4,6.65,0,628253,435931,852630,true,false
IN,"Aug 12 - Aug 26, 2020",2,Statewide,Statewide,6637426,12,777,,,,501,5,2.63,7.71,0,197,0.9,0,3.07,1,196,5.4,0,14.17,1,180,2.9,0.45,6.11,0,726,3.2,1.69,5.18,0,906,3.1,1.53,4.76,0,205760,101553,315941,false,true
KS,"Aug 11 - Aug 25, 2020",2,Statewide,Statewide,2908776,252,2.1,0.28,4.3,0,252,6,2.51,9.99,0,254,3.4,0.74,6.92,0,255,0.4,0,1.41,1,408,4.4,1.71,7.11,0,608,3,1.08,5.04,0,1016,3.7,2.02,5.47,0,107625,58757,159110,true,true
KY,"Aug 12 - Aug 26, 2020",2,Statewide,Statewide,4440204,245,4.2,1.7,6.94,0,244,3.5,1.47,6.03,0,368,2.8,1.07,4.85,0,269,1,0,2.58,1,510,4.1,2.26,6.08,0,616,2.1,0.89,3.81,0,1126,3.1,2.05,4.49,0,137646,91024,199365,true,true
LA,"Aug 12 - Aug 25, 2020",2,Statewide,Statewide,4663616,235,12.2,7.68,17.67,0,249,11,6.84,16.36,0,252,16.7,10.74,23.6,0,253,6.8,3.46,11.33,0,402,10.4,7,14.49,0,587,13.2,9.31,17.57,0,989,11.8,9.27,14.81,0,550307,432317,690682,true,false
MA,"Aug 12 - Aug 27, 2020",2,Statewide,Statewide,6830193,243,4.2,1.69,7.37,0,246,4.6,2.14,7.84,0,246,2.4,0.48,4.7,0,245,2.1,0.34,4.47,0,422,4.4,2.22,6.78,0,558,3,1.49,4.97,0,980,3.7,2.27,5.21,0,252717,155045,355853,true,false
MD,"Aug 10 - Aug 26, 2020",2,Statewide,Statewide,6003435,63,777,,,,380,7.9,5.3,11,0,349,4.6,2.33,7.26,0,382,3.8,1.88,6.1,0,476,7.9,4.22,11.37,0,698,6.2,3.78,8.98,0,1174,7,4.92,9.33,0,420240,295369,560120,true,false
ME,"Aug 12 - Aug 27, 2020",2,Statewide,Statewide,1332813,15,777,,,,230,1.4,0,3.63,1,174,0,0,2.1,2,190,0.2,0,1.02,1,239,0,0,1.53,2,370,1.2,0,2.82,1,609,0.6,0,1.44,1,7997,0,19193,false,true
MI,"Aug 12 - Aug 25, 2020",2,Statewide,Statewide,9957488,247,6,3.09,9.18,0,245,3.9,1.39,6.81,0,245,3.9,1.47,7.17,0,246,2.7,0.79,4.86,0,427,4.8,2.62,7.37,0,556,3.5,1.8,5.52,0,983,4.2,2.88,5.76,0,418214,286776,573551,true,false
MN,"Aug 11 - Aug 27, 2020",2,Statewide,Statewide,5527358,163,2.3,0.38,4.8,0,249,5.6,3,8.5,0,280,5.3,2.65,7.98,0,286,3.6,1.5,6.03,0,432,4.3,2.49,6.41,0,546,4.6,2.85,6.68,0,978,4.5,3.05,5.87,0,248731,168584,324456,true,false
MO,"Aug 12 - Aug 21, 2020",2,Statewide,Statewide,6090062,253,3.7,1.3,6.63,0,247,4.3,1.85,7.45,0,260,3.1,1.26,5.34,0,257,1.6,0,3.77,1,427,2.8,1.11,5.15,0,594,4.1,2.24,6.23,0,1021,3.5,2.23,5.06,0,213152,135808,308157,true,true
MS,"Aug 12 - Aug 27, 2020",2,Statewide,Statewide,2988762,25,777,,,,315,13,8.64,17.97,0,314,9.1,5.65,13.25,0,314,3.1,1.16,5.95,0,416,8.1,4.6,12.8,0,552,11.8,6.69,19.81,0,968,10,6.69,14.71,0,298876,199948,439647,true,false
MT,"Aug 12 - Aug 24, 2020",2,Statewide,Statewide,1041732,19,777,,,,108,1.7,0,4.55,1,131,0,0,2.78,2,119,3.6,0.66,7.2,0,160,0.7,0,2.51,1,223,1.9,0.4,3.93,0,383,1.3,0.38,2.49,0,13543,3959,25939,false,true
NC,"Aug 11 - Aug 27, 2020",2,Statewide,Statewide,10155624,246,4.1,1.72,6.93,0,246,3.4,1.27,6.11,0,245,6.1,3.2,9.98,0,245,1.3,0.25,3.12,1,390,3.2,1.24,5.68,0,592,4.3,2.33,6.43,0,982,3.8,2.33,5.29,0,385914,236626,537233,true,true
ND,"Aug 12 - Aug 26, 2020",2,Statewide,Statewide,752201,6,777,,,,63,777,,,,39,777,,,,26,777,,,,45,777,,,,90,1.3,0,2.99,1,135,0.6,0,1.45,1,4513,0,10907,false,true
NE,"Aug 11 - Aug 25, 2020",2,Statewide,Statewide,1904760,68,777,,,,348,10,6.45,13.73,0,323,4.5,2.44,6.93,0,247,2.9,0.93,5.54,0,513,8.6,4.8,13.19,0,477,7.2,4.46,10.44,0,990,7.9,5.51,10.61,0,150476,104952,202095,true,false
NH,"Aug 13 - Aug 25, 2020",2,Statewide,Statewide,1343622,35,777,,,,394,0.8,0,1.64,0,394,1.3,0.23,2.42,0,302,1,0,2.29,0,476,0.9,0.23,1.7,0,649,0.6,0.1,1.3,0,1125,0.8,0.3,1.22,0,10749,4031,16392,false,false
NJ,"Aug 10 - Aug 26, 2020",2,Statewide,Statewide,8881845,209,16.9,11.31,21.99,0,313,14.2,10.3,18.5,0,291,7.3,4.33,10.26,0,314,6.7,3.93,10.08,0,460,11,7.88,14.46,0,667,13.4,10.59,16.23,0,1127,12.2,10.15,14.53,0,1083585,901507,1290532,true,false
NM,"Aug 10 - Aug 27, 2020",2,Statewide,Statewide,2092434,178,4.1,0.98,8.07,0,264,2.2,0.55,4.28,0,268,2.7,0.94,5.16,0,265,0.8,0,2,1,372,2.2,0.5,4.15,0,604,2.8,1.39,4.47,0,976,2.5,1.47,3.79,0,52311,30759,79303,true,true
NV,"Aug 12 - Aug 26, 2020",2,Statewide,Statewide,2922849,244,9.7,5.94,13.45,0,245,7.8,4.68,11.11,0,244,8,4.71,11.44,0,239,5.4,2.8,8.7,0,420,8.9,5.93,12.39,0,552,7,4.83,9.36,0,972,7.9,6.13,9.83,0,230905,179171,287316,true,false
NY,"Aug 10 - Aug 26, 2020",2,Statewide,Statewide,19618453,270,25.2,19.71,30.91,0,283,22.2,17.52,27.19,0,292,16.8,12.74,21.44,0,277,14.6,10.95,18.43,0,449,20.6,16.69,24.78,0,673,20.5,17.21,24.14,0,1122,20.6,18.04,23.14,0,4041401,3539169,4539710,true,false
OH,"Aug 12 - Aug 27, 2020",2,Statewide,Statewide,11641879,103,2.5,0,6.35,1,287,2,0.43,4.09,0,306,2.6,0.89,4.67,0,289,1,0,2.58,1,403,1.7,0.37,3.5,0,582,2.4,1.04,4.22,0,985,2.1,1.06,3.29,0,244479,123404,383018,true,true
OK,"Aug 10 - Aug 18, 2020",2,Statewide,Statewide,3918137,245,6.9,3.69,10.78,0,245,3.4,1.34,6.08,0,245,1.7,0.29,3.73,1,244,3.8,1.23,6.57,0,382,3.5,1.5,5.76,0,597,4.6,2.85,6.79,0,979,4,2.72,5.51,0,156725,106573,215889,true,true
OR,"Aug 10 - Aug 27, 2020",2,Statewide,Statewide,4081943,100,2,0,5.11,1,373,2.9,1.35,4.99,0,357,1.7,0.4,3.31,0,256,2.1,0.42,4.4,0,459,1.5,0.42,2.85,0,627,3.2,1.53,5.18,0,1086,2.4,1.41,3.6,0,97967,57555,146950,true,true
PA,"Aug 10 - Aug 26, 2020",2,Statewide,Statewide,12791181,13,777,,,,561,15.7,12.87,18.78,0,151,9.5,4.73,14.73,0,162,2.1,0,4.87,1,518,15.5,10.51,22.76,0,369,4.8,2.84,7.24,0,887,10.1,7.53,13.74,0,1291909,963176,1757508,true,true
PR,"Aug 10 - Aug 17, 2020",2,Statewide,Statewide,3386941,247,1,0,2.45,1,246,0.9,0,2.49,1,246,3.2,1.06,5.93,0,247,5,1.25,10.63,1,375,1.6,0.38,3.31,0,611,2.6,1.11,4.54,0,986,2.2,1.18,3.26,0,74513,39966,110414,true,true
RI,"Aug 12 - Aug 27, 2020",2,Statewide,Statewide,1056611,33,777,,,,207,1.7,0,3.72,0,189,3.3,0.78,6.51,0,141,2.5,0,5.72,1,270,3.5,0.82,6.73,0,300,3.8,0.84,7.53,0,570,3.6,1.69,5.89,0,38038,17857,62234,true,true
SC,"Aug 12 - Aug 27, 2020",2,Statewide,Statewide,4955925,173,5.3,2.13,8.95,0,305,7,4.01,10.42,0,310,6,3.21,9.42,0,275,4.6,1.93,8.1,0,446,7.3,4.49,10.3,0,617,4.8,3.03,7.01,0,1063,6,4.37,7.95,0,297356,216574,393996,true,false
SD,"Aug 12 - Aug 26, 2020",2,Statewide,Statewide,864289,1,777,,,,40,777,,,,22,777,,,,20,777,,,,70,777,,,,13,777,,,,83,0,0,4.35,2,0,0,37597,false,false
TN,"Aug 12 - Aug 26, 2020",2,Statewide,Statewide,6651089,278,6.8,3.77,10.13,0,252,9.1,5.76,13.41,0,250,5.1,2.39,8.67,0,249,2.1,0.45,4.29,1,456,7.3,4.64,10.26,0,573,6.1,3.79,8.67,0,1029,6.7,5.11,8.57,0,445623,339871,569998,true,true
TX,"Aug 12 - Aug 24, 2020",2,Statewide,Statewide,27885195,250,8.7,5.17,12.89,0,251,6.4,3.31,10.14,0,250,5.3,2.39,9.23,0,250,3.7,1.47,6.51,0,466,6.1,3.36,9.23,0,535,6.9,4.52,9.76,0,1001,6.5,4.69,8.47,0,1812538,1307816,2361876,true,false
UT,"Aug 15 - Aug 25, 2020",2,Statewide,Statewide,3045350,43,777,,,,333,6.2,3.37,9.22,0,249,3.3,1.07,5.51,0,246,1.4,0,3.12,0,370,7,2.57,12.61,0,501,3.9,2.06,6.09,0,871,5.5,2.94,8.71,0,167494,89533,265250,true,false
VA,"Aug 10 - Aug 26, 2020",2,Statewide,Statewide,8413774,30,777,,,,507,3.3,1.96,5.06,0,337,2.9,0.83,5.32,0,369,1.1,0.16,2.37,0,391,1.1,0.21,2.31,0,852,8.1,3.99,12.57,0,1243,4.7,2.51,7.22,0,395447,211186,607474,true,false
VT,"Aug 13 - Aug 27, 2020",2,Statewide,Statewide,624977,8,777,,,,163,0,0,2.24,2,79,0.8,0,3.03,1,132,0.5,0,1.79,1,145,0,0,2.51,2,237,0.5,0,1.6,1,382,0.3,0,0.81,1,1875,0,5062,false,true
WA,"Aug 12 - Aug 27, 2020",2,Statewide,Statewide,7294336,121,4.7,1.06,9.44,0,473,3.4,1.67,5.79,0,358,1.6,0.22,3.58,1,286,1.2,0.13,2.77,1,514,3.7,1.55,6.46,0,724,2.4,1.06,3.95,0,1238,3,1.79,4.47,0,218830,130569,326057,true,true
WI,"Aug 12 - Aug 27, 2020",2,Statewide,Statewide,5778394,103,1.4,0,3.84,1,274,4.3,1.92,7.18,0,287,3.8,1.5,6.22,0,168,2.2,0,5.29,1,379,2.1,0.74,3.74,0,459,4.5,2.26,6.81,0,838,3.3,2.03,4.72,0,190687,117301,272740,true,true
WV,"Aug 13 - Aug 27, 2020",2,Statewide,Statewide,1829054,30,777,,,,238,1.2,0.23,2.74,1,213,0.8,0,2.73,1,155,1.1,0,3.14,1,227,2.5,0.22,7.73,1,410,1.9,0.3,4.49,1,637,2.2,0.52,4.9,1,40239,9511,89624,true,true
WY,"Aug 13 - Aug 24, 2020",2,Statewide,Statewide,581836,4,777,,,,41,777,,,,23,777,,,,18,777,,,,51,777,,,,35,777,,,,86,0.8,0,3.11,1,4655,0,18095,false,true
AK,"Aug 26 -  Sep 9, 2020",3,Statewide,Statewide,738516,23,777,,,,184,1.6,0,3.78,1,189,1.4,0,3.3,1,213,0.5,0,1.86,1,238,1,0,3.19,1,372,1.1,0.14,2.5,1,610,1,0.24,2.17,1,7385,1772,16026,false,true
AL,"Aug 26 -  Sep 8, 2020",3,Statewide,Statewide,4864680,66,777,,,,250,11.6,7.67,16.19,0,254,7,3.59,10.48,0,385,3.4,1.64,5.6,0,417,7.7,4.19,12.18,0,538,11.9,8.24,16.73,0,955,9.9,7.19,12.79,0,481603,349770,622193,true,false
AR,"Aug 24 -  Sep 8, 2020",3,Statewide,Statewide,2990671,165,7.8,3.61,11.73,0,334,3.6,1.69,5.91,0,247,4.3,1.72,7.34,0,237,5.1,2.23,8.24,0,392,4.3,2.36,6.62,0,600,5.6,3.54,7.74,0,992,4.9,3.5,6.41,0,146543,104673,191702,true,false
AZ,"Aug 26 -  Sep 9, 2020",3,Statewide,Statewide,6946685,29,777,,,,755,9.3,5.9,13.18,0,179,5.4,0.57,13.06,1,67,777,,,,83,3.9,0.7,8.35,0,947,5.8,4.39,7.56,0,1030,4.9,3.05,7.11,0,340388,211874,493909,false,true
CA,"Aug 28 -  Sep 9, 2020",3,Statewide,Statewide,39148760,245,7.6,3.88,11.43,0,247,6.3,3.2,9.78,0,245,4.5,1.97,7.77,0,246,4,1.56,7.38,0,446,6,3.6,9.1,0,537,6,3.79,8.83,0,983,6,4.2,7.82,0,2348926,1644248,3061433,true,false
CO,"Aug 24 -  Sep 4, 2020",3,Statewide,Statewide,5531141,249,4,1.83,6.38,0,259,3.6,1.24,6.44,0,261,3.1,1.09,5.24,0,256,3.4,1.08,5.82,0,459,4.4,2.14,7.06,0,566,2.8,1.52,4.25,0,1025,3.6,2.31,5.09,0,199121,127769,281535,true,false
CT,"Aug 26 -  Sep 4, 2020",3,Statewide,Statewide,3581504,245,6.9,3.91,10.32,0,246,5.1,2.68,7.98,0,245,2.6,0.67,5.1,0,247,1.4,0,3.08,0,398,4.6,2.53,6.63,0,585,4.1,2.33,5.9,0,983,4.3,2.9,5.69,0,154005,103864,203788,true,false
DC,"Aug 27 - Sep 10, 2020",3,Statewide,Statewide,684498,25,777,,,,256,5.7,2.64,9.24,0,152,4.9,1.52,9.31,0,210,3.3,0.94,6.48,0,288,5.7,2.47,10.11,0,355,4.3,1.98,7.19,0,643,5,2.83,7.55,0,34225,19371,51680,true,false
DE,"Aug 26 - Sep 10, 2020",3,Statewide,Statewide,949495,45,777,,,,243,5.3,2.73,8.69,0,264,2.9,0.8,5.42,0,362,1.1,0.23,2.28,0,386,3.9,1.13,7.88,0,528,5,2.29,8.77,0,914,4.5,2.42,7.12,0,42727,22978,67604,true,false
FL,"Aug 27 -  Sep 9, 2020",3,Statewide,Statewide,20598139,245,3.8,1.11,6.51,0,246,9.3,5.38,13.53,0,245,5.1,2.22,8.97,0,245,0.7,0,1.87,1,377,6,3.12,9.09,0,604,5.3,3.37,7.7,0,981,5.7,3.93,7.49,0,1174094,809507,1542801,true,true
GA,"Aug 25 - Sep 10, 2020",3,Statewide,Statewide,10297484,254,13.4,8.84,18.51,0,248,6.8,3.83,10.6,0,258,9.3,5.3,13.99,0,260,5.5,2.58,9.08,0,443,8.2,5.51,11.58,0,577,9.2,6.52,12.51,0,1020,8.7,6.69,11.14,0,895881,688902,1147140,true,false
HI,"Aug 28 -  Sep 9, 2020",3,Statewide,Statewide,1422029,3,777,,,,4,777,,,,1,777,,,,4,777,,,,5,777,,,,7,777,,,,12,777,,,,,,,false,
IA,"Aug 25 - Sep 10, 2020",3,Statewide,Statewide,3132499,52,777,,,,366,9.8,6.72,12.99,0,338,8.7,5.66,12.16,0,250,3.5,1.2,6.02,0,501,7.6,4.68,11,0,505,9.3,5.93,12.85,0,1006,8.4,6.15,10.74,0,263130,192649,336430,true,false
ID,"Aug 26 - Sep 10, 2020",3,Statewide,Statewide,1687809,17,777,,,,198,7,3.23,12.14,0,242,4.4,1.56,8.13,0,333,3.4,0.88,6.9,0,306,8,2.67,15.94,0,484,3.4,1.86,5.61,0,790,5.7,2.9,9.7,0,96205,48946,163717,true,false
IL,"Aug 26 -  Sep 3, 2020",3,Statewide,Statewide,12821497,245,9.6,5.89,13.41,0,244,3.1,1.28,5.33,0,244,6.7,1.86,14.3,0,246,4.9,2.3,7.94,0,410,5,3.04,7.34,0,569,6.1,3.5,9.83,0,979,5.6,3.9,7.67,0,718004,500038,983409,true,false
IN,"Aug 26 -  Sep 9, 2020",3,Statewide,Statewide,6637426,17,777,,,,542,3.8,1.81,5.97,0,220,3,0.63,6.29,0,205,1.7,0.16,3.93,1,233,2,0.36,4.09,0,751,2.8,1.47,4.46,0,984,2.4,1.36,3.52,0,159298,90269,233637,false,true
KS,"Aug 24 -  Sep 3, 2020",3,Statewide,Statewide,2908776,243,1.9,0.57,3.62,0,257,3.4,0.92,6.49,0,265,3.9,1.51,6.77,0,259,1.9,0.29,4.68,0,470,1.9,0.61,3.44,0,555,3.9,1.9,6.39,0,1025,2.9,1.57,4.31,0,84355,45668,125368,true,false
KY,"Aug 26 -  Sep 8, 2020",3,Statewide,Statewide,4440204,202,2.3,0.45,4.5,0,257,3.5,1.4,5.84,0,263,4,1.52,6.54,0,261,2,0.3,3.95,0,446,2.6,1.03,4.48,0,537,3.5,1.97,5.23,0,983,3.1,1.91,4.33,0,137646,84808,192261,true,false
LA,"Aug 26 -  Sep 8, 2020",3,Statewide,Statewide,4663616,208,8.3,4.25,14.5,0,266,9.9,6.04,14.73,0,265,7.9,4.55,12.36,0,262,6.5,3.35,11,0,404,6.3,3.49,9.56,0,597,10.8,7.4,15.35,0,1001,8.6,6.65,11.3,0,401071,310130,526989,true,false
MA,"Aug 27 -  Sep 5, 2020",3,Statewide,Statewide,6830193,244,5.3,2.09,8.98,0,248,2.1,0.39,4.58,0,245,7,3.46,10.67,0,244,1.3,0,3.19,1,420,4.5,2.28,6.98,0,561,2.8,1.39,4.66,0,981,3.6,2.36,5.08,0,245887,161193,346974,true,true
MD,"Aug 26 -  Sep 8, 2020",3,Statewide,Statewide,6003435,76,15.6,7.84,24.49,0,304,6.2,3.54,9.16,0,317,7.7,4.7,11.14,0,283,1.4,0,3.31,1,394,9.9,6.23,14.31,0,586,6,3.52,9,0,980,7.9,5.72,10.35,0,474271,343396,621356,true,true
ME,"Aug 26 - Sep 10, 2020",3,Statewide,Statewide,1332813,24,777,,,,293,0.3,0,1.19,1,213,3.2,1.05,6.49,0,229,0.3,0,1.36,1,304,1.5,0.43,2.78,0,455,1.6,0,4.96,1,759,1.5,0.44,3.22,0,19992,5864,42917,true,true
MI,"Aug 26 -  Sep 3, 2020",3,Statewide,Statewide,9957488,243,5.2,2.25,8.28,0,244,3.3,1.09,6.51,0,244,2.9,1,5.36,0,245,1.9,0.34,3.81,0,408,3.6,1.57,5.86,0,568,3.2,1.74,4.89,0,976,3.4,2.16,4.95,0,338555,215082,492896,true,false
MN,"Aug 26 -  Sep 8, 2020",3,Statewide,Statewide,5527358,174,4.7,0.51,11.63,1,272,11.8,7.88,17.03,0,264,10.6,5.42,17.43,0,262,7.4,3.71,12.79,0,430,6.9,4.05,10.79,0,544,11.5,7.97,15.79,0,974,9.2,6.71,11.95,0,508517,370886,660519,true,true
MO,"Aug 24 - Sep 10, 2020",3,Statewide,Statewide,6090062,248,5.8,3.02,8.96,0,256,2.7,0.85,5.12,0,264,2,0.33,3.86,0,252,0.6,0,1.7,1,466,2.3,0.79,3.95,0,558,3.5,1.88,5.22,0,1024,2.9,1.74,4.17,0,176612,105967,253956,true,true
MS,"Aug 26 - Sep 10, 2020",3,Statewide,Statewide,2988762,24,777,,,,320,9.9,5.73,14.11,0,320,4,1.7,7.26,0,323,6.4,2.79,11.09,0,383,4.8,2.17,8.23,0,604,11.8,5.49,20,0,987,8.4,4.89,12.73,0,251056,146150,380469,true,false
MT,"Aug 24 -  Sep 9, 2020",3,Statewide,Statewide,1041732,22,777,,,,182,1.2,0,2.93,1,146,0.4,0,1.42,1,168,2.2,0,5.1,0,192,1,0,2.33,1,326,0.9,0,1.97,0,518,0.9,0.23,1.82,0,9376,2396,18960,false,true
NC,"Aug 26 -  Sep 9, 2020",3,Statewide,Statewide,10155624,242,6.5,3.2,9.94,0,240,2.9,0.96,5.52,0,250,3.1,0.98,5.53,0,250,3,0.91,5.74,0,403,2.8,1.31,4.65,0,579,4.7,2.57,7.26,0,982,3.8,2.33,5.26,0,385914,236626,534186,true,false
ND,"Aug 26 -  Sep 9, 2020",3,Statewide,Statewide,752201,5,777,,,,43,777,,,,29,777,,,,28,777,,,,28,777,,,,81,0.5,0,2.04,1,109,0.2,0,0.99,1,1504,0,7447,false,true
NE,"Aug 24 - Sep 10, 2020",3,Statewide,Statewide,1904760,90,9.8,4.14,15.92,0,305,6.2,3.48,9.55,0,297,5.6,3.26,8.54,0,246,1.6,0.29,3.08,0,492,5.1,2.85,7.73,0,446,7.4,4.26,10.72,0,938,6.3,4.47,8.27,0,120000,85143,157524,true,false
NH,"Aug 26 -  Sep 3, 2020",3,Statewide,Statewide,1343622,37,777,,,,387,1.8,0.59,3.33,0,463,1.2,0.38,2.27,0,260,1,0,2.22,1,500,1.6,0.19,3.9,1,647,1.7,0.76,2.86,0,1147,1.6,0.73,2.84,0,21498,9808,38159,true,true
NJ,"Aug 26 -  Sep 7, 2020",3,Statewide,Statewide,8881845,195,17.4,12.23,22.94,0,277,12.2,8.35,16.66,0,245,14.5,9.89,19.19,0,227,5.4,2.34,9.1,0,374,11.6,8.27,15.28,0,570,14,10.83,17.51,0,944,12.8,10.49,15.35,0,1136876,931706,1363363,true,false
NM,"Aug 25 -  Sep 8, 2020",3,Statewide,Statewide,2092434,153,2,0,4.97,1,276,5.8,3,9.35,0,277,2.5,0.88,4.59,0,279,2.3,0.5,5.09,1,406,3.2,1.11,6.06,0,579,4.1,2.27,6.36,0,985,3.7,2.28,5.55,0,77420,47707,116130,true,true
NV,"Aug 27 - Aug 29, 2020",3,Statewide,Statewide,2922849,226,5.4,2.55,8.62,0,253,7.1,4.02,10.4,0,250,6.7,3.59,10.15,0,251,6.5,2.42,12.23,0,413,6.5,3.71,9.79,0,567,6.6,4.38,8.8,0,980,6.5,4.63,8.58,0,189985,135328,250780,true,false
NY,"Aug 26 - Sep 10, 2020",3,Statewide,Statewide,19618453,246,18.2,14.05,23.29,0,261,23,17.51,29.15,0,259,20.2,15.04,25.2,0,277,10.8,7.22,14.96,0,483,18.7,14.92,22.86,0,560,20.3,16.36,24.53,0,1043,19.5,16.88,22.38,0,3825598,3311595,4390610,true,false
OH,"Aug 27 - Sep 10, 2020",3,Statewide,Statewide,11641879,75,10.2,3.42,17.85,0,294,4.2,1.93,7.02,0,305,4,1.55,7.12,0,309,1.1,0,2.78,1,419,5.5,2.59,8.84,0,564,4.6,2.03,7.39,0,983,5,3.17,7.14,0,582094,369048,831230,true,true
OK,"Aug 24 -  Sep 1, 2020",3,Statewide,Statewide,3918137,243,9.5,5.15,14.26,0,244,4.9,2.18,8.13,0,245,3.8,1.72,6.52,0,247,2.1,0,4.53,1,386,5.5,2.88,8.23,0,593,5.4,3.16,7.82,0,979,5.4,3.83,7.29,0,211579,150065,285632,true,true
OR,"Aug 26 - Sep 10, 2020",3,Statewide,Statewide,4081943,120,1.6,0,3.98,1,352,2.6,0.77,5.03,0,248,1.1,0,3.16,1,248,1.4,0.29,3.14,1,434,2.3,0.7,4.06,0,534,1.5,0.33,2.97,0,968,1.9,0.92,2.94,0,77557,37554,120009,true,true
PA,"Aug 26 -  Sep 9, 2020",3,Statewide,Statewide,12791181,12,777,,,,498,15.2,12.09,18.46,0,151,7.5,3.26,12.56,0,184,1.8,0,4.68,1,517,14.5,9.3,22.42,0,328,4.7,2.58,7.65,0,845,9.5,6.58,13.56,0,1215162,841660,1734484,true,true
PR,"Aug 24 -  Sep 3, 2020",3,Statewide,Statewide,3386941,245,1.9,0.34,4.21,1,245,3.3,1.13,6.01,0,245,0.4,0,1.44,1,245,3.5,1.26,6.15,0,411,3.3,1.31,5.77,0,569,1.8,0.73,3.08,0,980,2.5,1.36,3.76,0,84674,46062,127349,true,true
RI,"Aug 27 - Sep 10, 2020",3,Statewide,Statewide,1056611,45,777,,,,278,3.5,1.39,5.84,0,226,3.9,1.44,6.85,0,237,1.8,0.35,4.1,0,331,3.5,1.34,6.23,0,455,2.6,1.07,4.33,0,786,3.1,1.73,4.64,0,32755,18279,49027,true,false
SC,"Aug 26 - Sep 10, 2020",3,Statewide,Statewide,4955925,96,6.7,2.02,12.97,0,262,10.1,5.97,14.42,0,308,4.8,2.25,7.9,0,261,3.3,1.1,6.13,0,422,6.5,3.53,9.76,0,505,7.8,5.25,11.28,0,927,7.2,5.12,9.57,0,356827,253743,474282,true,false
SD,"Aug 26 - Sep 10, 2020",3,Statewide,Statewide,864289,0,666,,,,45,777,,,,28,777,,,,24,777,,,,76,1.3,0,4.89,1,21,777,,,,97,0.7,0,2.47,1,6050,0,21348,false,true
TN,"Aug 25 -  Sep 8, 2020",3,Statewide,Statewide,6651089,190,5.3,2.05,9.01,0,260,7,3.81,11.03,0,251,3.5,1.11,6.07,0,249,4,1.59,6.91,0,423,5.6,3.18,8.52,0,527,5.2,2.96,7.74,0,950,5.4,3.62,7.31,0,359159,240769,486195,true,false
TX,"Aug 25 -  Sep 2, 2020",3,Statewide,Statewide,27885195,231,6.3,2.92,10.13,0,250,6.1,3,9.69,0,251,5.8,2.66,9.9,0,247,3.8,1.61,6.9,0,442,6.8,4.08,10.31,0,537,4.9,2.63,7.54,0,979,5.8,4.04,7.92,0,1617341,1126562,2208507,true,false
UT,"Aug 24 -  Sep 8, 2020",3,Statewide,Statewide,3045350,49,777,,,,430,4.3,2.25,6.76,0,318,6.5,3.68,10.08,0,307,2.3,0.58,4.2,0,483,6.1,2.77,10.49,0,621,3.8,1.77,6.77,0,1104,4.9,2.82,7.67,0,149222,85879,233578,true,false
VA,"Aug 26 -  Sep 8, 2020",3,Statewide,Statewide,8413774,30,777,,,,325,4.9,2.28,7.84,0,323,3.2,1.04,5.62,0,329,1.8,0.31,3.59,0,362,3.2,1.09,5.79,0,645,3.8,1.57,6.63,0,1007,3.5,1.97,5.26,0,294482,165751,442565,true,false
VT,"Aug 26 - Sep 10, 2020",3,Statewide,Statewide,624977,12,777,,,,197,0,0,1.86,2,138,0.5,0,1.92,1,138,1.5,0,4.37,1,167,0.4,0,1.39,1,318,0.4,0,1.09,1,485,0.4,0,0.94,1,2500,0,5875,false,true
WA,"Aug 25 - Sep 10, 2020",3,Statewide,Statewide,7294336,186,6,2.36,9.99,0,131,5.6,1.95,10.8,0,250,2.5,0.71,4.76,0,253,1.7,0.16,3.57,1,357,4.6,1.74,8.62,0,463,4.5,2.08,7.85,0,820,4.5,2.63,6.94,0,328245,191841,506227,true,true
WI,"Aug 25 - Sep 10, 2020",3,Statewide,Statewide,5778394,83,0.8,0,3.1,1,305,4.2,1.78,7.03,0,288,2.3,0.44,4.33,0,299,1.4,0.2,2.85,0,437,2.2,0.84,3.85,0,539,3,1.3,4.93,0,976,2.6,1.48,3.95,0,150238,85520,228247,true,true
WV,"Aug 26 - Sep 10, 2020",3,Statewide,Statewide,1829054,37,777,,,,376,2.5,1,4.44,0,367,1.1,0,2.46,0,348,1.5,0.27,3.11,0,489,1.5,0.5,2.67,0,639,1.5,0.56,2.79,0,1128,1.5,0.78,2.38,0,27436,14267,43531,false,false
WY,"Aug 24 -  Sep 9, 2020",3,Statewide,Statewide,581836,3,777,,,,24,777,,,,24,777,,,,19,777,,,,29,777,,,,41,777,,,,70,777,,,,,,,false,
AK,"Sep 9 - Sep 18, 2020",4,Statewide,Statewide,738516,13,777,,,,186,0,0,1.96,2,251,2.1,0.56,4.25,0,231,0,0,1.58,2,273,0.2,0,0.95,1,408,0.6,0.12,1.23,1,681,0.4,0.11,0.82,0,2954,812,6056,false,true
AL,"Sep 9 - Sep 18, 2020",4,Statewide,Statewide,4864680,108,16.1,8.47,24.39,0,267,8.1,4.76,11.73,0,261,4.6,2.12,7.92,0,269,4.9,2.29,7.99,0,394,7.4,3.95,11.21,0,511,9.9,6.44,13.76,0,905,8.7,6.19,11.31,0,423227,301124,550195,true,false
AR,"Sep 9 - Sep 18, 2020",4,Statewide,Statewide,2990671,168,8.6,4.2,13.1,0,319,6.9,3.82,9.94,0,251,5.2,2.49,8.54,0,252,2.6,0.64,4.99,0,415,6.8,4.22,9.26,0,575,5.7,3.75,8.02,0,990,6.3,4.6,8.03,0,188412,137571,240151,true,false
AZ,"Sep 9 - Sep 23, 2020",4,Statewide,Statewide,6946685,38,777,,,,660,9.6,5.03,15.86,0,347,4.4,1.07,9.09,0,163,0.1,0,0.42,1,133,2.8,0,6.62,1,1075,8,4.34,12.86,0,1208,5.4,3.08,8.52,0,375121,213958,591858,true,true
CA,"Sep 10 - Sep 16, 2020",4,Statewide,Statewide,39148760,245,8.1,4.35,12.01,0,246,4.7,1.83,8.13,0,244,3.6,1.18,6.65,0,244,2.1,0.38,4.66,1,402,5.9,3.22,8.67,0,577,4,2.03,6.21,0,979,4.9,3.17,6.85,0,1918289,1241016,2681690,true,true
CO,"Sep 9 - Sep 18, 2020",4,Statewide,Statewide,5531141,251,4.5,1.3,9.81,0,259,3.6,1.33,6.34,0,260,1.9,0.51,3.45,0,262,2.3,0.65,4.23,0,458,2.7,0.91,5.05,0,574,3.9,1.76,6.53,0,1032,3.3,1.9,4.92,0,182528,105092,272132,true,false
CT,"Sep 9 - Sep 14, 2020",4,Statewide,Statewide,3581504,249,4.1,1.5,7.2,0,244,2,0.52,3.86,0,245,4.3,1.74,7.27,0,244,3.1,0.83,5.63,0,414,3.2,1.76,4.96,0,568,3,1.59,4.61,0,982,3.1,2.06,4.37,0,111027,73779,156512,true,false
DC,"Sep 8 - Sep 24, 2020",4,Statewide,Statewide,684498,116,7.5,2.7,12.52,0,329,6,3.31,9.02,0,203,8.7,4.43,12.74,0,328,4.1,1.82,6.63,0,447,7.1,4.36,9.97,0,529,5.9,3.49,8.57,0,976,6.5,4.47,8.29,0,44492,30597,56745,true,false
DE,"Sep 9 - Sep 24, 2020",4,Statewide,Statewide,949495,56,777,,,,283,8.6,4.62,12.73,0,271,2.9,0.93,5.2,0,370,3.2,1.38,5.6,0,410,7.6,3.93,11.89,0,570,7.4,4.09,11.24,0,980,7.5,4.89,10.5,0,71212,46430,99697,true,false
FL,"Sep 11 - Sep 11, 2020",4,Statewide,Statewide,20598139,245,13,8.08,18.74,0,245,10,6.19,13.81,0,245,6.5,3.37,10.6,0,244,3,1.04,5.76,0,433,9.3,6.12,12.83,0,546,7.8,5.27,10.68,0,979,8.5,6.55,10.68,0,1750842,1349178,2199881,true,false
GA,"Sep 9 - Sep 18, 2020",4,Statewide,Statewide,10297484,310,18.7,13.95,23.87,0,260,15.1,10.33,20.63,0,262,5.4,2.75,8.9,0,268,6.3,2.78,10.57,0,467,14,9.71,18,0,633,12.1,8.45,15.24,0,1100,13,10.51,15.79,0,1338673,1082266,1625973,true,false
HI,"Sep 8 - Sep 22, 2020",4,Statewide,Statewide,1422029,8,777,,,,166,1.9,0,5.1,1,158,0,0,2.31,2,184,0.3,0,1.77,1,196,1.4,0,3.97,1,320,0.3,0,1.22,1,516,0.8,0,2.18,1,11376,0,31000,false,true
IA,"Sep 9 - Sep 24, 2020",4,Statewide,Statewide,3132499,42,777,,,,322,11.3,7.24,15.02,0,326,9.9,6.85,13.12,0,287,3.3,1.32,5.78,0,509,5.9,3.27,9.28,0,468,9.2,6.43,12.32,0,977,7.6,5.56,10.02,0,238070,174167,313876,true,false
ID,"Sep 8 - Sep 18, 2020",4,Statewide,Statewide,1687809,23,777,,,,229,4.1,1.59,7.42,0,250,7.8,3.83,12.51,0,230,1.6,0,3.49,1,275,2.6,1.1,4.67,0,457,7.8,3.13,14.14,0,732,5.2,2.74,8.46,0,87766,46246,142789,true,true
IL,"Sep 8 - Sep 17, 2020",4,Statewide,Statewide,12821497,257,5.7,2.87,8.71,0,245,3.5,1.33,6.13,0,245,6.9,3.73,10.43,0,245,2.6,0.72,5.17,0,442,6.2,3.88,8.91,0,550,2.9,1.67,4.44,0,992,4.5,3.1,6.07,0,576967,397466,778265,true,false
IN,"Sep 9 - Sep 23, 2020",4,Statewide,Statewide,6637426,23,777,,,,625,2.6,1.39,3.88,0,246,3,0.98,5.86,0,261,2.8,0.77,5.05,0,288,5.5,0.72,15.45,1,867,2.5,1.57,3.55,0,1155,4,1.44,8.79,0,265497,95579,583430,true,true
KS,"Sep 9 - Sep 19, 2020",4,Statewide,Statewide,2908776,237,5,2.04,8.01,0,262,3.6,1.67,6.05,0,255,2.3,0.39,4.48,0,253,2.3,0.45,4.48,0,455,3.4,1.77,5.58,0,552,3.5,1.82,5.36,0,1007,3.5,2.31,4.84,0,101807,67193,140785,true,false
KY,"Sep 9 - Sep 18, 2020",4,Statewide,Statewide,4440204,188,4.1,1.14,7.6,0,275,4.8,2.22,7.63,0,250,2.5,0.62,4.74,0,267,1.5,0,3.42,1,404,5,2.67,7.52,0,576,2.4,1.12,4.02,0,980,3.6,2.33,5.21,0,159847,103457,231335,true,true
LA,"Sep 9 - Sep 19, 2020",4,Statewide,Statewide,4663616,200,15.1,9.78,21.76,0,254,15.5,10.87,21.5,0,248,8.4,4.52,12.9,0,250,4.8,1.91,8.22,0,370,11.8,8.05,16.83,0,582,13.1,9.57,16.89,0,952,12.5,10.02,15.61,0,582952,467294,727990,true,false
MA,"Sep 9 - Sep 15, 2020",4,Statewide,Statewide,6830193,247,5.3,2.31,8.46,0,249,5.2,2.27,8.41,0,247,1.4,0,3.23,0,245,0.6,0,1.95,1,434,3.1,1.28,5.55,0,554,4.2,2.3,6.44,0,988,3.7,2.23,5.16,0,252717,152313,352438,true,true
MD,"Sep 10 - Sep 23, 2020",4,Statewide,Statewide,6003435,96,11.5,5.26,18.5,0,393,13.5,9.92,17.33,0,433,6.4,4.06,8.95,0,320,3.6,1.81,5.81,0,676,12.7,9.66,15.94,0,566,7.8,4.76,11.01,0,1242,10.2,7.91,12.68,0,612350,474872,761236,true,false
ME,"Sep 8 - Sep 24, 2020",4,Statewide,Statewide,1332813,40,777,,,,380,0.8,0,1.66,0,246,0.4,0,1.1,1,321,0.4,0,1.09,1,377,0.2,0,0.73,1,610,0.7,0.15,1.41,0,987,0.5,0.09,0.87,0,6664,1200,11595,false,true
MI,"Sep 8 - Sep 22, 2020",4,Statewide,Statewide,9957488,206,7.3,3.8,11.09,0,283,3.3,1.37,5.55,0,247,1.9,0.35,3.83,0,244,1.9,0,3.96,0,434,2.4,0.87,4.24,0,546,4.9,2.86,6.99,0,980,3.7,2.54,4.93,0,368427,252920,490904,true,false
MN,"Sep 9 - Sep 23, 2020",4,Statewide,Statewide,5527358,85,10.6,1.68,21.27,0,392,8.7,4.27,14.25,0,310,6.4,3.18,10.9,0,246,4,1.76,6.66,0,428,8.5,3.9,13.28,0,605,7.5,3.69,12.69,0,1033,8,4.74,11.43,0,442189,261997,631777,true,false
MO,"Sep 8 - Sep 24, 2020",4,Statewide,Statewide,6090062,249,5.1,2.34,8.57,0,257,4.2,1.33,7.48,0,262,2.3,0.64,4.18,0,263,1.2,0,3.16,1,475,3.1,1.49,5.47,0,556,3.9,2,6.07,0,1031,3.5,2.15,5.01,0,213152,130936,305112,true,true
MS,"Sep 9 - Sep 22, 2020",4,Statewide,Statewide,2988762,30,777,,,,284,11.9,6.94,17.26,0,339,7.6,3.81,11.71,0,327,6.2,2.84,10.21,0,397,7.6,4.42,11.42,0,583,8.2,4.35,12.81,0,980,7.9,5.35,10.87,0,236112,159899,324878,true,false
MT,"Sep 9 - Sep 23, 2020",4,Statewide,Statewide,1041732,24,777,,,,162,0.8,0,3.09,1,164,3.3,0.73,7.47,0,158,2.3,0,5.39,1,177,2,0.31,4.49,0,331,2.5,0.33,6.41,1,508,2.2,0.67,4.38,0,22918,6980,45628,true,true
NC,"Sep 9 - Sep 17, 2020",4,Statewide,Statewide,10155624,184,10.1,5.68,16.04,0,247,8.4,4.58,12.59,0,247,4.4,1.76,7.37,0,247,0.4,0,1.39,1,392,6.9,3.93,10.07,0,533,6.7,4.38,9.36,0,925,6.8,4.83,8.87,0,690582,490517,900804,true,true
ND,"Sep 9 - Sep 24, 2020",4,Statewide,Statewide,752201,5,777,,,,44,777,,,,34,777,,,,30,777,,,,34,777,,,,79,2.4,0,6.98,1,113,1.2,0,3.4,1,9026,0,25575,false,true
NE,"Sep 9 - Sep 18, 2020",4,Statewide,Statewide,1904760,71,777,,,,396,5.1,2.82,7.46,0,260,7.5,4.43,11.16,0,249,6,3.21,9.08,0,506,6.5,3.76,9.77,0,470,7,4.24,10.2,0,976,6.7,4.8,8.88,0,127619,91428,169143,true,false
NH,"Sep 9 - Sep 17, 2020",4,Statewide,Statewide,1343622,51,777,,,,373,1.1,0.18,2.18,0,260,0.6,0,1.63,1,350,1.1,0,2.67,1,404,0.9,0.05,1.86,0,630,0.6,0.06,1.35,0,1034,0.7,0.26,1.32,0,9405,3493,17736,false,true
NJ,"Sep 9 - Sep 23, 2020",4,Statewide,Statewide,8881845,209,18.1,12.68,23.29,0,285,18.9,14.75,23.77,0,301,12,8.4,15.5,0,255,4.8,2.09,7.82,0,478,17.9,14.25,21.72,0,572,12.4,9.53,15.58,0,1050,15.1,12.65,17.63,0,1341159,1123553,1565869,true,false
NM,"Sep 8 - Sep 24, 2020",4,Statewide,Statewide,2092434,177,4,1.13,8.35,0,267,1.7,0.42,3.73,1,289,1.7,0.23,3.49,1,281,2.4,0.45,5.13,1,399,2.1,0.63,4.23,0,615,2.6,1.3,4.35,0,1014,2.4,1.19,3.65,0,50218,24900,76374,true,true
NV,"Sep 9 - Sep 12, 2020",4,Statewide,Statewide,2922849,230,6.3,3.13,9.91,0,249,9.8,5.96,14.45,0,250,9.2,5.7,13.38,0,250,2.5,0.78,4.69,0,379,8.3,5.4,11.77,0,600,7.2,4.86,9.99,0,979,7.8,5.9,9.99,0,227982,172448,291993,true,false
NY,"Sep 11 - Sep 24, 2020",4,Statewide,Statewide,19618453,305,21.4,16.82,26.39,0,282,17.2,13.15,21.68,0,301,16.5,12.1,20.83,0,280,11.2,7.66,14.59,0,539,16,12.51,19.44,0,629,18,14.96,21.24,0,1168,17,14.72,19.23,0,3335137,2887836,3772629,true,false
OH,"Sep 10 - Sep 22, 2020",4,Statewide,Statewide,11641879,100,4.9,0.85,9.91,0,278,2,0.44,3.77,0,271,2.1,0.36,4.05,0,329,3.1,1.15,5.27,0,438,3.1,1.26,5.21,0,540,2.6,1,4.62,0,978,2.8,1.69,4.16,0,325973,196748,484302,true,false
OK,"Sep 9 - Sep 18, 2020",4,Statewide,Statewide,3918137,245,7.1,3.68,10.91,0,245,5.5,2.77,8.59,0,245,3.8,1.44,6.85,0,245,1.6,0,3.65,1,399,3.7,1.68,6.04,0,581,6.2,3.93,8.52,0,980,5,3.44,6.54,0,195907,134784,256246,true,true
OR,"Sep 8 - Sep 22, 2020",4,Statewide,Statewide,4081943,117,5.2,1.65,9.92,0,255,1.7,0,4.05,1,328,2.1,0.7,4.09,0,271,2.5,0.52,4.97,0,408,2.9,1.05,5.21,0,563,2.4,0.93,4.18,0,971,2.6,1.51,4.06,0,106131,61637,165727,true,true
PA,"Sep 9 - Sep 23, 2020",4,Statewide,Statewide,12791181,36,777,,,,848,14.8,12.18,17.11,0,236,8.6,5.22,12.6,0,221,2.5,0.42,4.97,0,875,18.5,14.4,23.51,0,466,4.1,2.38,5.87,0,1341,11.1,8.85,13.71,0,1419821,1132020,1753671,true,false
PR,"Sep 8 - Sep 15, 2020",4,Statewide,Statewide,3386941,245,2.6,0.5,5.34,1,241,2.7,0.62,5.24,0,245,3.9,1.32,7.18,0,239,2.8,0.61,5.67,0,369,3.9,2,6.3,0,601,2.1,0.82,3.7,0,970,3,1.78,4.27,0,101608,60288,144622,true,true
RI,"Sep 9 - Sep 24, 2020",4,Statewide,Statewide,1056611,27,777,,,,263,1.7,0.32,3.77,0,253,4.1,1.73,6.76,0,252,1.6,0,3.31,0,348,3.9,1.05,8.15,0,447,1.5,0.54,2.69,0,795,2.7,1.15,4.91,0,28528,12151,51880,true,false
SC,"Sep 9 - Sep 18, 2020",4,Statewide,Statewide,4955925,81,9.6,3.2,17.53,0,308,10.4,6.69,14.54,0,304,3.9,1.6,6.46,0,282,3.9,1.68,6.34,0,446,8.9,5.65,12.93,0,529,6.8,4.2,9.92,0,975,7.8,5.58,10.19,0,386562,276541,505009,true,false
SD,"Sep 9 - Sep 23, 2020",4,Statewide,Statewide,864289,2,777,,,,48,777,,,,27,777,,,,22,777,,,,65,777,,,,34,777,,,,99,1.8,0,4.82,1,15557,0,41659,false,true
TN,"Sep 8 - Sep 16, 2020",4,Statewide,Statewide,6651089,253,10.8,7.19,15.29,0,258,6.8,3.5,10.78,0,257,5.8,3.27,9.01,0,260,1.7,0.33,3.57,1,443,7.4,4.67,10.56,0,585,6,3.87,8.39,0,1028,6.7,4.96,8.57,0,445623,329894,569998,true,true
TX,"Sep 9 - Sep 24, 2020",4,Statewide,Statewide,27885195,229,12.7,8.35,17.62,0,252,8.5,4.72,12.6,0,253,5.3,2.68,8.6,0,254,1.8,0.31,3.75,1,448,7.1,4.15,10.37,0,540,9.4,6.27,12.66,0,988,8.2,6.16,10.47,0,2286586,1717728,2919580,true,true
UT,"Sep 9 - Sep 18, 2020",4,Statewide,Statewide,3045350,46,777,,,,348,7.3,4.48,10.48,0,344,6.2,3.79,8.68,0,284,1.2,0,2.94,1,423,4.8,1.74,10.17,0,597,5.4,3.64,7.46,0,1022,5.1,3.29,7.9,0,155313,100192,240583,true,true
VA,"Sep 10 - Sep 23, 2020",4,Statewide,Statewide,8413774,25,777,,,,390,4.9,2.67,7.62,0,364,1.6,0.27,3.19,0,332,1.1,0.2,2.26,0,422,1.4,0.29,3.11,0,689,5,2.46,8.53,0,1111,3.2,1.81,5.13,0,269241,152289,431627,true,false
VT,"Sep 9 - Sep 24, 2020",4,Statewide,Statewide,624977,14,777,,,,203,0.4,0,1.59,1,176,0.6,0,2.24,1,104,2.4,0,5.68,1,195,0.8,0,1.97,1,302,2.7,0,7.64,1,497,1.7,0.27,4.15,1,10625,1687,25937,true,true
WA,"Sep 9 - Sep 22, 2020",4,Statewide,Statewide,7294336,125,4.2,0.88,8.66,0,283,2.2,0.51,4.46,0,287,1.1,0,2.68,1,273,2.5,0.68,4.75,0,428,2.9,1,5.55,0,540,2,0.84,3.57,0,968,2.5,1.29,3.83,0,182358,94097,279373,true,true
WI,"Sep 9 - Sep 24, 2020",4,Statewide,Statewide,5778394,44,777,,,,351,3.9,1.85,6.26,0,255,2.4,0.65,4.44,0,326,3.3,1.37,5.73,0,422,5.4,2.2,9.21,0,554,2.2,1.02,3.61,0,976,3.8,2.2,5.73,0,219579,127125,331102,true,false
WV,"Sep 9 - Sep 22, 2020",4,Statewide,Statewide,1829054,31,777,,,,329,1.9,0.37,3.84,0,307,1.7,0,3.7,0,301,1,0,2.35,1,445,1.8,0.48,3.24,0,523,0.8,0.1,1.82,0,968,1.3,0.51,2.18,0,23778,9328,39873,false,true
WY,"Sep 9 - Sep 24, 2020",4,Statewide,Statewide,581836,6,777,,,,38,777,,,,47,777,,,,20,777,,,,55,777,,,,56,777,,,,111,1.5,0,3.97,1,8728,0,23099,false,true
